ABB,FF
c_programming,C Programming (Development Experience)
Assembly,Assembly Programming
MCAL,MCAL driver
MCAL,MCAL
COM,COM stack
COM,COM
DIAG,DIAG stack
DIAG,DIAG
MEMORY stack,MEMORY stack
RTOS,Free RTOS
RTOS,RTOS
OS,OS
Trace32,Trace32 Debugger
ISO26262,ISO26262
MISRA C,MISRA C
Autosar,Autosar
Autosar,Adaptive Autosar
EB trecos,EB trecos
SDLC,Software Life Cycle Experience
SDLC,SDLC
Polarian,Polarian
Whitebox testing,Whitebox testing
RTRT,RTRT
Tessy,Tessy
CANTATA,CANTATA
ARM,ARM Cortex MCU
RISC-V,knowledge of RISC-V
RISC-V,RISC-V
ARM,ARM Cortex M3/M4
GHS,GHS compiler
GHS,GHS
MC/DC,MC/DC
Performance Testing,Performance Testing
Stress testing,Stress Testing
Integration Testing,Integration Testing
System testing,Stystem Testing
Quality Testing,Quality Testing
Acceptance testing,Acceptance Testing
HIL testing,HIL testing
Dspace,Dspace
CANoe,CANoe
LIN,LIN
CAN_network,CAN (Controller Area Network)
CAN-FD,CAN-FD
Flexray,Flexray
Lauterbach,Lauterbach
PLS,PLS
ASPICE,ASPICE
UDS,UDS 14429
UDS,UDS J1939
UDS,UDS J1850
UDS,UDS KWP2000
UDS,UDS
Unit testing,Unit testing
Functional testing,Functional testing
