ABB,FF
sql,sql
sql,structured query language
python,python
python,python development
python,python programming
c#,C#
c#,c-sharp
c#,c sharp
.net,dot net
.net,.net
.net,asp.net
rest_api,rest api
api,api
api,application programmable interface
django,django
java,java
microservice,microservice
microservice,microservices
nodejs,nodejs
spring,spring boot
spring,springboot
spring,spring-boot
ror,ruby
ror,ruby on rails
ror,ror
ror,ruby-on-rails
ror,rails
js,javascript
web_service,web service
web_service,web services
web_service,webservice
web_service,web-service
web_service,webservices
web_service,web-services
api,application programming interface
ftp,file transfer protocol
www,world wide web
json,javascript object notation
sql,structured query language
cdn,content delivery network
isp,internet service provider
rest,representational state transfer
xml,extensible markup language
cli,command line interface
json,java script object notation
ds,data structures
golang,gokit
