ABB,FF
IaaS,Infrastructure-as-a-Service
IaaS,Infrastructure as a Service
AWS,Amazon Web Services
AWS,Amazon Web Service
CDN,Content Delivery Network
GCP,Google Cloud Platform
SaaS,Software-as-a-Service
EBS,Elastic Block Store
PaaS,Platform-as-a-Service
VM,Virtual Machine
VPC,Virtual Private Cloud
AMI,Amazon Machine Image
CSP,Cloud Service Provider
EFS,Elastic File System
ENI,Elastic Network Interface
FaaS,Function as-a-Service
HVM,Hardware Virtual Machine
RRS,Reduced Redundancy Storage
SQS,Simple Queue Service
TPM,Trusted Platform Module
VPS,Virtual Private Server
Azure,Azure Container Instances
Azure,Azure Data Factory
Azure,Azure Kubernetes Service
Azure,Azure Landing Zonerecent
Amazon EBS,Amazon Elastic Block Store
Amazon ES,Amazon Elasticsearch Service
Amazon SES,Amazon Simple Email System
AoA,Angle Of arrival
AP,Access Point
API,Application Programming Interface
ARN,Amazon Resource Name
ASG,Auto Scaling Group
CDMI,Cloud Data Management Interface
CSB,Cloud Service Brokage
DaaS,Desktop-as-a-Service
DD-WRT,DresDren-wireless rouTer
DNS,Domain Name System
EC2,Elastic Compute Cloud
ECS,EC2 Container Service
EIP,Elastic IP
EKS,Elastic Kubernetes Service
ELB,Elastic Load Balancer
EMR,Elastic Map Reduce
ES,Elasticsearch Service
FIFO,First In First Out
GABVMP,Genetic Algorithm Based Virtual Machine Placement
GCLB,Google Cloud Load Balancer
GCS,Google Cloud Storage
GKE,Google Kubernetes Engine
GPU,Graphics Processing Unit
HABBP,Hungarian Algorithm Based Binding Policy
HDFS,Hadoop Distributed File System
HPC,High- Performance Computeing
HP CSA,HP Cloud Service Automation
HTTP,HyperText transfer protocol
IG,Internet Gateway
KMS,Key Management Service
MaaS,Monitoring-as-a-Service
MAC,Media Access Control
MDM,Mobile Device Management
MDSA,Multi-Phase Data Security and Availability
NIST,National Institute Standards and Technology
OS,Operating System
PaaS,Platform-as-a Service
PBS,Portable Batch System
PLEX,Path loss EXponent
PM,Physical Machine
QoS,Quality of Service
RAM,Random Access Memory
REST,REpresentational state transfer
RPS,Requests Per Second
RSSI,Received Signal Strength Indicator
S3,Simple Storage System
S3 IA,S3 Infrequent Access
SDSA,Single-Phase Data Security and Availability
SES,Simple Email System
SLA,Service Level Agreement
SLAs,Service Level Agreements
SNS,Simple Notification Service
STRAND,Scalable TRilaterAtion with NoDejs
SWS,Simple Workflow Service
TDoA,Time Difference of Arrival
ToA,Time of Arrival
TOF,Time Of Flight
TORQUE,Terascale open-source resource and QUEue manager
VPG,Virtual Private Gateway
WiFi,Wireless fidelity
WLM,Workload Manager
django,Django
flask,Flask
mongodb,MongoDB
nosql_database,nosql
hadoop,Hadoop
hive,Hive
sql,mysql
azure,azure ml
cloud,scripting
