﻿ABB,FF
big_data,Big Data
big_data,BigData
java,core java
java,corejava
spark,pyspark
spark,spark
sql,sql
sql,structured query language
database,database
database,sql database
nosql_database,nosql
nosql_database,nosql database
mongodb,mongodb
mongodb,mongo
cassandra,cassandra
kafka,kafka
storm,storm
etl,extraction transformation loading
etl,etl
hive,hive
hbase,hbase
hbase,h base
hbase,h-base
data_lake,data lake
data_lake,datalake
databricks,data bricks
databricks,databricks
databricks,data-bricks
data_warhouse,data warehousing
data_warhouse,data warehouse
data_warhouse,data-warehouse
data_warhouse,datawarehouse
oracle_sql,oracle sql
oracle_sql,oracle plsql
oracle_sql,oracle-plsql
ms_sql,microsoft sql
ms_sql,microsoft-sql
scala,scala
