﻿ABB,FF
MBIST,MBIST
LBIST,LBIST
IJTAG,IJTAG
Wrapper Insertion,Wrapper Insertion
OCC,OCC
EDT,EDT
Scan Insertion,Scan Insertion
ATPG,ATPG
LOC,LOC
LOS,LOS
GLS,GLS(Simulation)
GLS,GLS
MBIST,MBIST Architect
Tessentshell,Tessentshell
LBIST,LBIST Architect
LBIST,LBIST
BSD,BSD Architect
BSD,BSD
DFT Advisor,DFT Advisor
Testkompress,Testkompress
Fast scan/Testkompress,Fast scan/Testkompress
Questasim,Questasim
Star Memory system,Star Memory system
TestMax DFT,TestMax DFT
DFT Compiler,DFT Compiler
Tetra Max,Tetra Max
VCS,VCS
Genus,Genus
RTL Compiler,RTL Compiler
Modus,Modus
NC Simulator,NC Simulator
