ABB,FF
sql,structured query language
ml,machine learning
tf,tensorflow
python,python
c++,cpp
deep_learning,deep learning
open_vino,openvino
computer_vision,computer vision
image_processing,Image Processing
ml,machine learning framework
ml,machine learning algorithms
c++,cpp
c++,c++
c_programming,c programming
nlp,natural language processing
nlp,NLP
tf,keras
r_programming,r programming
neural_network,neural networks
neural_network,neural network
matlab,matlab
statistics,statistics
statistics,statistical knowledge
statistics,statistical analysis
gym,Gym
data_science,data science
tf,tensor flow
powerbi,power bi
ml,scikit learn
ml,scikitlearn
data_analysis,data analysis
data_analysis,exploratory data analysis
ds,data structures
