ABB,FF
Verilog,Verilog
Assertions,Assertions
System C,System C
DPI,DPI
Constraints & Randomization,Constraints & Randomization
RAL,RAL
VMM,VMM
Test Case / Sequence development,Test Case / Sequence development
Functional Coverage,Functional Coverage
Driver,Driver
eRM,eRM
Score Board,Score Board
c_programming,C Programming
OVM,OVM
Assembly,Assembly
Overall System Verilog,Overall System Verilog
AMS / Mixed Signal Verification,AMS / Mixed Signal Verification
Overall UVM,Overall UVM
Perl,Perl
TCL,TCL
Python,Python
shell_scripting,shell scripting
IP/ Sub System Verification,IP/ Sub System Verification
SoC,SoC Verification
SoC,SoC
Processor Verification,Processor Verification
Formal Verification,Formal Verification
ARM,ARM Processor Architecture
ARM,ARM
RISC,Processors - RISC
RISC,RISC
x86,Processors - x86
x86,x86
AMBA,AMBA
APB,APB
AHB,AHB
CHI,CHI
ACE,ACE
Ethernet/Networking,Ethernet/Networking
PCIE,PCIE
DDR,DDR
USB,USB
WLAN,WLAN
MacSec/IPSec,MacSec/IPSec
Bluetooth / BLE,Bluetooth / BLE
SATA / SAS,SATA / SAS
Memory Controller,Memory Controller
PHY Layer / SerDes,PHY Layer / SerDes
Nand Flash,Nand Flash
I2C,I2C
I3C,I3C
SPI,SPI
UART,UART
PSS,PSS
AXI,AXI
CHI2,CHI2
ACE2,ACE2
Ethernet/Networking2,Ethernet/Networking2
PCIE2,PCIE2
JTAG,JTAG
GLS,GLS
SystemC Modelling,SystemC Modelling
Low power verification,Low power verification
UPF,UPF
CXL,CXL
