ABB,FF
Verilog,Verilog
VHDL,VHDL
System Verilog,System Verilog
RTL,RTL Design
RTL,RTL
Microarchitecture,Microarchitecture
Microarchitecture,Micro Architecture
Simulation,Simulation
RTL,RTL Integration
STA,STA(Timing Closure)
STA,STA
FPGA,FPGA Programming
FPGA,FPGA
DSP,DSP
Synthesis,Synthesis
7-series,7-series
Ultrascale/ultrascale+,Ultrascale/ultrascale+
Versal ACAP,Versal ACAP
Max Series,Max Series
Agilex,Agilex
Arria,Arria
Stratix,Stratix
Polarfire,Polarfire
Igloo,Igloo
ProASIC,ProASIC
Fusion,Fusion
CertusPro/Certus,CertusPro/Certus
LatticeECP,LatticeECP
Crosslink/CrosslinkPlus,Crosslink/CrosslinkPlus
ice40Ultraplus,ice40Ultraplus
MachX,MachX
Lint,Lint
CDC,CDC
Zebu,Zebu
Palladium,Palladium
Protium,Protium
HAPS Emulator,HAPS Emulator
UVM,UVM
Board bringup,Board bringup
FPGA Validation,FPGA Validation
APB,APB
AHB,AHB
DDR RAM,DDR1
DDR RAM,DDR2
DDR RAM,DDR3
DDR RAM,DDR4
LPDDR RAM,LPDDR1
LPDDR RAM,LPDDR2
LPDDR RAM,LPDDR3
LPDDR RAM,LPDDR4
LPDDR RAM,LPDDR5
AI,AI
ML,ML
IOT,IOT
Linux,Linux Environment Exposure
Gvim,Gvim Editing tool
Gvim,Gvim
TCL,TCL
shell_scripting,shell scripting
Perl,Perl
Python,Python
clp,clp
Makefile,Makefile
Corebuilder,Corebuilder
Coretools,Coretools
RISC-V,RISC-V
X86,X86
ARM,ARM
MIPS,MIPS
DSP,DSP Processors
DSP,DSP
FPU,FPU
Multicore Coherent Processors,Multicore Coherent Processors
Microcontrollers,Microcontrollers
Microcontrollers,Micro Controllers
Xilinx Vivado,Xilinx Vivado
Vitis,Vitis
Xilinx ISE,Xilinx ISE
Lattice diamond,Lattice diamond
radiant,radiant
propel,propel
Microchip Libero IDE,Microchip Libero IDE
Modelsim,Modelsim
Questasim,Questasim
Precision Synthesis,Precision Synthesis
Ncsim,Ncsim
Xcelium,Xcelium
Genus Syhthesis,Genus Syhthesis
VCS,VCS
DC Compiler,DC Compiler
Verdi,Verdi
CVS,CVS
SVN,SVN
Git,Git
Perforce,Perforce
Clearcase,Clearcase
IPXACT,IPXACT
Xcelium2,Xcelium2
c_programming,C
C++,C++
System C,System C
OpenCL,OpenCL
Cheetah Flow,Cheetah Flow 
Cheetah Flow,Cheetah Flow 1.0
Cheetah Flow,Cheetah Flow 2.0
R2G,R2G
RDC,RDC
DFT,DFT
DMZ Tool,DMZ Tool
NAND,NAND
NORA Flash,NORA Flash
Synplify,Synplify
SD Protocol,SD Protocol
Spyglass,Spyglass
Caliber,Caliber
UART,UART
Constraints Check,Constraints Check
Fusion Compiler,Fusion Compiler
HMC/HBM,HMC/HBM
Cache Memory,Cache Memory
DFT2,DFT2
UPF,UPF
Intel Quartus Prime,Intel Quartus Prime
Fishtail,Fishtail
LEC,LEC
USB,USB
vclp,vclp
PCIe,PCIe
PCIe,PCle1
PCIe,PCle2
PCIe,PCle3
PCIe,PCle4
PCIe,PCle5
LEC2,LEC2
Serial Rapid IO,Serial Rapid IO
AXI,AXI
Ethernet,Ethernet
SERDES,SERDES
I2C,I2C
RDC2,RDC2
Veloce,Veloce
CHI,CHI
SPI,SPI
 OpenLatch, OpenLatch
ACE,ACE
CXL,CXL
FEV,FEV
SATA,SATA
Synthesis2,Synthesis2
