ABB,FF
js,javascript
js,js
js,java script
js,java-script
jquery,jquery
ajax,ajax
html,html
html,hyper text markup language
css,css
css,cascading style sheets
vue,vue
vue,vue js
vue,vue-js
vue,vuejs
angular,angular
angular,angular-js
angular,angular js
angular,angularjs
react,react
react,react-js
react,react js
react,reactjs
redux,redux
web_dev,web development
css,css3
html,html5
gui,graphical user interface
wysiwyg,what you see is what you get
css,cascading style sheets
dom,document object model
soap,simple object access protocol
cms,content management system
http,hypertext transfer protocol
html,hypertext markup language
ui,user interface
ux,user experience
ajax,asynchronous javascript and xml
amp,accelerated mobile pages
dns,domain name system
iis,internet information services
mvc,model-view-controller
svg,scalable vector graphics
acss,atomic cascading style sheets
bem,"block, element, modifier"
crud,"create, read, update, delete"
cssom,cascading style sheets object model
cta,call-to-action
dbms,database management system
ecmascript,european computer manufacturers association script
html,hypertext markup language
api,application programming interface
ftp,file transfer protocol
www,world wide web
json,javascript object notation
sql,structured query language
cdn,content delivery network
isp,internet service provider
rest,representational state transfer
xml,extensible markup language
json,java script object notation
