ABB,FF
Hardware,Hardware Board Design
Component Selection,Component Selection
Requirement analysis,Requirement analysis
Mechanical requirement,Mechanical requirement
Schematic Creation,Schematic Creation
BOM,BOM
Board Bring up,Board Bring up
Hardware system design,Hardware system design
PDN,PDN
Power supply design,Power supply design
Debug,Debug
Troubleshooting,Troubleshooting
Validation,Validation
EMI,EMI
EMC,EMC
Signal Integrity ,Signal Integrity 
Power Integrity,Power Integrity
Documentation,Documentation
SI ,SI 
PI,PI
Derating,Derating
Thermal Analysis,Thermal Analysis
AC/DC Loading,AC/DC Loading
Thermal Constraints,Thermal Constraints
Risk mitigation,Risk mitigation
Power Consumption,Power Consumption
Layout Review,Layout Review
Form Factor Optimisation,Form Factor Optimisation
BOM Optimisaton,BOM Optimisaton
Test Plan,Test Plan
Test Specification,Test Specification
Test reports,Test reports
High Speed Digital interface,High Speed Digital interface
Memory Bus,Memory Bus
DDR3,DDR3
DDR4,DDR4
LPDDR4,LPDDR4
LPDDR5,LPDDR5
USB,USB
TypeC,TypeC
Thunderbolt,Thunderbolt
Bluetooth,Bluetooth
WIFI,WIFI
RF,RF
MIPI,MIPI
Camera Interface,Camera Interface
Peripheral Interface,Peripheral Interface
UART,UART
SPI,SPI
USIM,USIM
I2C,I2C
JTAG,JTAG
HDMI,HDMI
PCIe,PCIe
Processor,Processor
Microcontroller,Microcontroller
Microprocessor,Microprocessor
Application Processor,Application Processor
Systerm peripherals,Systerm peripherals
PMIC,PMIC
Oscilloscope,Oscilloscope
Logic Analyzer,Logic Analyzer
Signal generator,Signal generator
Spectrum Analyzer,Spectrum Analyzer
Network Analyzer,Network Analyzer
Allegro,Allegro
Orcad,Orcad
Ltspice,Ltspice
