ABB,FF
Memory Layout Verification,Memory Layout Verification
Area Estimation,Area Estimation
Floor Planning,Floor Planning
Placement,Placement
Routing,Routing
DRC,DRC
LVS,LVS
EM,EM
IR,IR
Latch-up,Latch-up
Shielding,Shielding
Isolation,Isolation
Guardring,Guardring
Parasitic,Parasitic
Electromigration,Electromigration
CMOS,CMOS
Finfet,Finfet
BiCMOS,BiCMOS
FDSOI,FDSOI
Short Channel Effects,Short Channel Effects
Deep Nwell,Deep Nwell
WPE,WPE
LOD,LOD
DFM,DFM
ECO,ECO
FEOL,FEOL
BEOL,BEOL
Mentor Graphics,Mentor Graphics
Calibre,Calibre
PVS,PVS
VoltusFi,VoltusFi
Hercules_microcontroller,Hercules microcontroller
Hercules_microcontroller,Hercules
TSMC,TSMC
UMC,UMC
SMIC,SMIC
SRAM,SRAM
ROM,ROM
TCAM,TCAM
SRAM,Singleport SRAM
SRAM,Multiport SRAM
MRAM,MRAM
Compiler,Compiler
Register File compiler,Register File compiler
Building Block,Building Block
Leaf cells,Leaf cells
Control Logic,Control Logic
GIO,GIO
Level Shifter,Level Shifter
Bitcell,Bitcell
Sense amp,Sense amp
Decoder,Decoder
WL Decoder,WL Decoder
Column Decoder,Column Decoder
cadence_virtuoso,cadence_virtuoso
