ABB,FF
PCB,PCB
PCB,PCB Layout
Constraint Manager,Constraint Manager
DFA,DFA
DFM,DFM
DFT,DFT
Schematic entry,Schematic entry
BOM generation,BOM generation
Assembly,Assembly file generation
Netlist verification,Netlist verification
Board Cross,Board Cross secton
Impedance rules,Impedance rules
PCB,PCB material
Build stackup,Build stackup
Hardware specifications,Hardware specifications
Interfaces,Interfaces
Design guidelines,Design guidelines
Memory,Memory
System Control,System Control
Timers,Timers
Power Delivery,Power Delivery
Serial Interface,Serial Interface
Multimedia,Multimedia
Design routing,Design routing
Placement and routing,Placement and routing
DDR3,DDR3
DDR4,DDR4
LPDDR4,LPDDR4
LPDDR5,LPDDR5
High speed design,High speed design
RF Design,RF Design
Graphic memory,Graphic memory
Desnsity,Desnsity
High density interconnect,High density interconnect
HDI,HDI structures
Microvias,Microvias
Stacked and Staggered,Stacked and Staggered
Vias,Vias
Deep microvias,Deep microvias
Deep stacked microvias,Deep stacked microvias
Plane fills,Plane fills
Referencing,Referencing
Copper Balancing,Copper Balancing
Signal Integrity,Signal Integrity
Power Integrity,Power Integrity
Gerber,Gerber
Stackup,Stackup
Components,Components
Allegro,Allegro
Orcad,Orcad
Physical Footprint,Physical Footprint
Logical Symbol,Logical Symbol
PCB Design Editor,PCB Design Editor
Mentor graphics,Mentor graphics
Altium,Altium
