﻿ABB,FF
Sanity Checks,Sanity Checks
Netlist,Netlist
UPF,UPF
Constraints,Constraints
TLU,TLU
Mapping files,Mapping files
Tech-file,Tech-file
Floorplan,Floorplan
Placement,Placement
CTS,CTS
Routing,Routing
ECO's,ECO's
IO Pad Placement,IO Pad Placement
RDL-Routing,RDL-Routing
SPEF,SPEF
Tech-file,Tech-file
DEF,DEF
IC-Compiler-1,IC-Compiler-1
IC-Compiler-2,IC-Compiler-2
Fusion Compiler,Fusion Compiler
Innovus,Innovus
Aprisa,Aprisa
OSTRICH,OSTRICH
GCR methodology,GCR methodology
Olympus-SOC,Olympus-SOC
Low power design ,Low power design 
GDS,GDS
DDR,DDR
PCI,PCI
Timing Modelling,Timing Modelling
Memory Modelling,Memory Modelling
Partitioning at Full-Chip Level,Partitioning at Full-Chip Level
Perl,Perl
TCL,TCL
Shell,Shell Scripting
LEC,LEC
FEV,FEV
CLP,CLP
VCLP,VCLP
