ABB,FF
c_programming,C Programming (Development Experience)
c_programming,C Programming
Assembly,Assembly Programming
Assembly,Assembly
Python,Python Automation Development
Python,Python Automation
CI/CD,CI/CD Automation
CI/CD,CI/CD
LabVIEW,LabVIEW
TestStand,TestStand
Trace32,Trace32
Trace32,Trace32 Debugger
Trace32,Trace32 Practice   Script (CMM) Development
JTAG,Other JTAG Debugger
ARM,ARM Architecture   Knowledge
ARM,ARM
x86 Architecture,x86 Architecture Knowledge
x86 Architecture,x86 Architecture
CPU,CPU
CPU,CPU Validation
DSP,DSP Validation
DSP,DSP
Security IP,Security IP Validation
Security IP,Security IP
MMU,MMU
MMU,MMU Validation
Cache Memory,Cache Memory Validation
Cache Memory,Cache memory
Interrupt Controller,Interrupt Controller Validation
Interrupt Controller,Interrupt Controller
SATA,SATA Validation
SATA,SATA
RAS,RAS Validation
RAS,RAS
Concurrency,Concurrency Validation
Bus Protocol,Bus Protocol Validation
Bus Protocol,Bus Protocol
DDR IP,DDR IP Validation
DDR IP,DDR IP
Multimedia IP,Multimedia IP Validation
Multimedia IP,Multimedia IP
PCIe,PCIe Validation
PCIe,PCIe
Ethernet,Ethernet Validation
Ethernet,Ethernet
Clock Validation,Clock Validation
Power Management,Power Management Validation
Power Management,Power Management
Reset Validation,Reset Validation
WLAN,WLAN Validation
WLAN,WLAN
GPU,GPU Validation
GPU,GPU
Camera Validation,Camera Validation
Display Validation,Display Validation
UFS,UFS Validation
UFS,UFS
eMMC,eMMC Validation
eMMC,eMMC
SDHC,SDHC Validation
SDHC,SDHC
USB,USB 3 Validation
USB,USB 2 Validation
USB,USB
I2C,I2C Validation
I2C,I2C
SPI,SPI Validation
SPI,SPI
UART,UART Validation
UART,UART
I3C,I3C Validation
I3C,I3C
Audio Validation,Audio Validation
GPIO,GPIO Validation
GPIO,GPIO
PMIC,PMIC Validation
PMIC,PMIC Characterization
PMIC,PMIC
LDO Characterization,LDO Characterization
LDO,LDO
MIPI,MIPI Characterization
MIPI,MIPI
USB,USB PHY Characterization
SERDES,SERDES Characterization
SERDES,SERDES
HSIO,HSIO Characterization
HSIO,HSIO
Analog Characterization,Analog Characterization
pvt_analysis,PVT Analysis
Schematic Reading,Schematic Reading
Schematic Development,Schematic Development
Board Testing,Board Testing
Board Bring Up,Board Bring Up
Pre-Silicon Validation,Pre-Silicon Validation
Post-Silicon Validation,Post-Silicon Validation
Oscilloscope,Oscilloscope
DMM,DMM
Logic Analyzer,Logic Analyzer
Protocol Analyzer,Protocol Analyzer
