﻿ABB,FF
Sanity Checks,Sanity Checks
Netlist,Netlist
UPF,UPF
Constraints,Constraints
TLU+,TLU+
Mapping files,Mapping files
Tech-file,Tech-file
SPEF,SPEF
Mapping files,Mapping files
Tech-file,Tech-file
SPEF,SPEF
GBA ,GBA 
PBA ,PBA 
OCV,OCV
AOCV,AOCV
POCV,POCV
MCMM,MCMM
SDC,SDC
PT,PT
PT-SI,PT-SI
Star-RC,Star-RC
Tempus,Tempus
DMSA,DMSA
Twikker,Twikker
GCA,GCA
PT-PX,PT-PX
MV-Checks,MV-Checks
Star-RC,Star-RC
Spyglass,Spyglass
Timing Budgeting and closure,Timing Budgeting and closure
NLDM,NLDM Timing Models
CCS ,CCS 
Timing closure for Funtional/Test modes,Timing closure for Funtional/Test modes
Perl,Perl
TCL,TCL
shell,Shell Scripting
